storybookjs,storybook,https://github.com/storybookjs/storybook.git,74537,7819,downloaded
laurent22,joplin,https://github.com/laurent22/joplin.git,32505,3635,downloaded
dkhamsing,open-source-ios-apps,https://github.com/dkhamsing/open-source-ios-apps.git,32065,4873,downloaded
jondot,awesome-react-native,https://github.com/jondot/awesome-react-native.git,32002,3917,downloaded
NervJS,taro,https://github.com/NervJS/taro.git,31726,4302,downloaded
jaredpalmer,formik,https://github.com/jaredpalmer/formik.git,31333,2599,downloaded
react-hook-form,react-hook-form,https://github.com/react-hook-form/react-hook-form.git,31181,1546,downloaded
typeorm,typeorm,https://github.com/typeorm/typeorm.git,29542,5449,downloaded
sudheerj,reactjs-interview-questions,https://github.com/sudheerj/reactjs-interview-questions.git,24706,6106,downloaded
vercel,swr,https://github.com/vercel/swr.git,24240,937,downloaded
mattermost,mattermost-server,https://github.com/mattermost/mattermost-server.git,24101,5747,downloaded
react-native-elements,react-native-elements,https://github.com/react-native-elements/react-native-elements.git,22902,4452,downloaded
react-navigation,react-navigation,https://github.com/react-navigation/react-navigation.git,21735,4767,downloaded
necolas,react-native-web,https://github.com/necolas/react-native-web.git,20295,1738,downloaded
GeekyAnts,NativeBase,https://github.com/GeekyAnts/NativeBase.git,18437,2287,downloaded
pubkey,rxdb,https://github.com/pubkey/rxdb.git,18237,906,downloaded
expo,expo,https://github.com/expo/expo.git,17760,3586,downloaded
zulip,zulip,https://github.com/zulip/zulip.git,16550,5590,downloaded
oblador,react-native-vector-icons,https://github.com/oblador/react-native-vector-icons.git,16143,2050,downloaded
lottie-react-native,lottie-react-native,https://github.com/lottie-react-native/lottie-react-native.git,15417,1726,downloaded
microsoft,react-native-windows,https://github.com/microsoft/react-native-windows.git,15031,1100,downloaded
infinitered,ignite,https://github.com/infinitered/ignite.git,14353,1177,downloaded
infinitered,reactotron,https://github.com/infinitered/reactotron.git,13757,904,downloaded
react-native-maps,react-native-maps,https://github.com/react-native-maps/react-native-maps.git,13545,4721,downloaded
expo,create-react-native-app,https://github.com/expo/create-react-native-app.git,13036,1437,downloaded
wix,react-native-navigation,https://github.com/wix/react-native-navigation.git,12629,2698,downloaded
danilowoz,react-content-loader,https://github.com/danilowoz/react-content-loader.git,12547,420,downloaded
FaridSafi,react-native-gifted-chat,https://github.com/FaridSafi/react-native-gifted-chat.git,11967,3410,downloaded
invertase,react-native-firebase,https://github.com/invertase/react-native-firebase.git,10375,2062,downloaded
leecade,react-native-swiper,https://github.com/leecade/react-native-swiper.git,10023,2379,downloaded
wix,Detox,https://github.com/wix/Detox.git,9937,1897,downloaded
callstack,react-native-paper,https://github.com/callstack/react-native-paper.git,9851,1766,downloaded
jhen0409,react-native-debugger,https://github.com/jhen0409/react-native-debugger.git,9607,828,downloaded
react-native-camera,react-native-camera,https://github.com/react-native-camera/react-native-camera.git,9587,3319,downloaded
oblador,react-native-animatable,https://github.com/oblador/react-native-animatable.git,9355,732,downloaded
akveo,react-native-ui-kitten,https://github.com/akveo/react-native-ui-kitten.git,9329,928,downloaded
boardgameio,boardgame.io,https://github.com/boardgameio/boardgame.io.git,9284,686,downloaded
welldone-software,why-did-you-render,https://github.com/welldone-software/why-did-you-render.git,9269,167,downloaded
gregberge,svgr,https://github.com/gregberge/svgr.git,9111,387,downloaded
aws-amplify,amplify-js,https://github.com/aws-amplify/amplify-js.git,8950,1979,downloaded
GetStream,Winds,https://github.com/GetStream/Winds.git,8677,621,downloaded
Nozbe,WatermelonDB,https://github.com/Nozbe/WatermelonDB.git,8640,507,downloaded
alibaba,formily,https://github.com/alibaba/formily.git,8622,1207,downloaded
devhubapp,devhub,https://github.com/devhubapp/devhub.git,8494,716,downloaded
keybase,client,https://github.com/keybase/client.git,8245,1232,downloaded
rematch,rematch,https://github.com/rematch/rematch.git,8241,440,downloaded
microsoft,react-native-code-push,https://github.com/microsoft/react-native-code-push.git,8229,1313,downloaded
wix,react-native-calendars,https://github.com/wix/react-native-calendars.git,8074,2589,downloaded
react-native-image-picker,react-native-image-picker,https://github.com/react-native-image-picker/react-native-image-picker.git,7759,1968,downloaded
i18next,react-i18next,https://github.com/i18next/react-i18next.git,7753,991,downloaded
DylanVann,react-native-fast-image,https://github.com/DylanVann/react-native-fast-image.git,7153,1225,downloaded
akveo,kittenTricks,https://github.com/akveo/kittenTricks.git,6912,999,downloaded
ptomasroos,react-native-scrollable-tab-view,https://github.com/ptomasroos/react-native-scrollable-tab-view.git,6835,2267,downloaded
fangwei716,30-days-of-react-native,https://github.com/fangwei716/30-days-of-react-native.git,6586,1480,downloaded
software-mansion,react-native-reanimated,https://github.com/software-mansion/react-native-reanimated.git,6570,976,downloaded
zo0r,react-native-push-notification,https://github.com/zo0r/react-native-push-notification.git,6489,1964,downloaded
berty,berty,https://github.com/berty/berty.git,6120,283,downloaded
redux-offline,redux-offline,https://github.com/redux-offline/redux-offline.git,6093,422,downloaded
ivpusic,react-native-image-crop-picker,https://github.com/ivpusic/react-native-image-crop-picker.git,5584,1422,downloaded
jpush,aurora-imui,https://github.com/jpush/aurora-imui.git,5583,997,downloaded
crazycodeboy,react-native-splash-screen,https://github.com/crazycodeboy/react-native-splash-screen.git,5300,1055,downloaded
learnapollo,learnapollo,https://github.com/learnapollo/learnapollo.git,5250,67,downloaded
benoitvallon,react-native-nw-react-calculator,https://github.com/benoitvallon/react-native-nw-react-calculator.git,5152,877,downloaded
software-mansion,react-native-gesture-handler,https://github.com/software-mansion/react-native-gesture-handler.git,5082,856,downloaded
satya164,react-native-tab-view,https://github.com/satya164/react-native-tab-view.git,5061,1093,downloaded
react-native-modal,react-native-modal,https://github.com/react-native-modal/react-native-modal.git,5001,593,downloaded
APSL,react-native-keyboard-aware-scroll-view,https://github.com/APSL/react-native-keyboard-aware-scroll-view.git,4856,631,downloaded
xinthink,react-native-material-kit,https://github.com/xinthink/react-native-material-kit.git,4842,605,downloaded
wix,react-native-ui-lib,https://github.com/wix/react-native-ui-lib.git,4838,607,downloaded
shoutem,ui,https://github.com/shoutem/ui.git,4766,539,downloaded
futurice,pepperoni-app-kit,https://github.com/futurice/pepperoni-app-kit.git,4643,690,downloaded
vhpoet,react-native-styling-cheat-sheet,https://github.com/vhpoet/react-native-styling-cheat-sheet.git,4624,606,downloaded
gitpoint,git-point,https://github.com/gitpoint/git-point.git,4612,813,downloaded
facebook,metro,https://github.com/facebook/metro.git,4609,592,downloaded
Flipkart,recyclerlistview,https://github.com/Flipkart/recyclerlistview.git,4590,386,downloaded
bartonhammond,snowflake,https://github.com/bartonhammond/snowflake.git,4586,644,downloaded
itinance,react-native-fs,https://github.com/itinance/react-native-fs.git,4527,902,downloaded
unform,unform,https://github.com/unform/unform.git,4472,513,downloaded
Shopify,react-native-skia,https://github.com/Shopify/react-native-skia.git,4334,223,downloaded
oliviertassinari,react-swipeable-views,https://github.com/oliviertassinari/react-swipeable-views.git,4254,464,downloaded
microsoft,code-push,https://github.com/microsoft/code-push.git,4204,467,downloaded
kdchang,reactjs101,https://github.com/kdchang/reactjs101.git,4102,1212,downloaded
maicki,why-did-you-update,https://github.com/maicki/why-did-you-update.git,4081,128,downloaded
streetwriters,notesnook,https://github.com/streetwriters/notesnook.git,4053,220,downloaded
react-native-webrtc,react-native-webrtc,https://github.com/react-native-webrtc/react-native-webrtc.git,4052,1102,downloaded
ritz078,transform,https://github.com/ritz078/transform.git,3985,280,downloaded
BuilderIO,builder,https://github.com/BuilderIO/builder.git,3942,515,downloaded
crazycodeboy,RNStudyNotes,https://github.com/crazycodeboy/RNStudyNotes.git,3913,742,downloaded
gorhom,react-native-bottom-sheet,https://github.com/gorhom/react-native-bottom-sheet.git,3892,425,downloaded
xotahal,react-native-material-ui,https://github.com/xotahal/react-native-material-ui.git,3760,646,downloaded
alibaba,LuaViewSDK,https://github.com/alibaba/LuaViewSDK.git,3666,787,downloaded
callstack,haul,https://github.com/callstack/haul.git,3611,216,downloaded
rcbyr,keen-slider,https://github.com/rcbyr/keen-slider.git,3610,153,downloaded
status-im,status-mobile,https://github.com/status-im/status-mobile.git,3530,916,downloaded
lingui,js-lingui,https://github.com/lingui/js-lingui.git,3452,318,downloaded
attentiveness,reading,https://github.com/attentiveness/reading.git,3430,904,downloaded
Kureev,react-native-blur,https://github.com/Kureev/react-native-blur.git,3381,519,downloaded
taofed,react-web,https://github.com/taofed/react-web.git,3381,468,downloaded
deepsyx,home-automation,https://github.com/deepsyx/home-automation.git,3381,268,downloaded
hectahertz,react-native-typography,https://github.com/hectahertz/react-native-typography.git,3338,123,downloaded
thecodingmachine,react-native-boilerplate,https://github.com/thecodingmachine/react-native-boilerplate.git,3307,671,downloaded
zoontek,react-native-permissions,https://github.com/zoontek/react-native-permissions.git,3287,772,downloaded
vincentriemer,react-native-dom,https://github.com/vincentriemer/react-native-dom.git,3258,92,downloaded
mcnamee,react-native-starter-kit,https://github.com/mcnamee/react-native-starter-kit.git,3206,871,downloaded
FuYaoDe,react-native-app-intro,https://github.com/FuYaoDe/react-native-app-intro.git,3193,526,downloaded
mrousavy,react-native-vision-camera,https://github.com/mrousavy/react-native-vision-camera.git,3181,405,downloaded
react-native-share,react-native-share,https://github.com/react-native-share/react-native-share.git,3173,876,downloaded
airbnb,native-navigation,https://github.com/airbnb/native-navigation.git,3133,189,downloaded
artsy,eigen,https://github.com/artsy/eigen.git,3099,499,downloaded
rainbow-me,rainbow,https://github.com/rainbow-me/rainbow.git,3053,425,downloaded
meliorence,react-native-render-html,https://github.com/meliorence/react-native-render-html.git,2951,549,downloaded
galio-org,galio,https://github.com/galio-org/galio.git,2943,300,downloaded
CSFrequency,react-firebase-hooks,https://github.com/CSFrequency/react-firebase-hooks.git,2905,253,downloaded
fram-x,FluidTransitions,https://github.com/fram-x/FluidTransitions.git,2889,200,downloaded
sunnylqm,react-native-storage,https://github.com/sunnylqm/react-native-storage.git,2886,274,downloaded
rilyu,teaset,https://github.com/rilyu/teaset.git,2876,480,downloaded
yorkie,react-native-wechat,https://github.com/yorkie/react-native-wechat.git,2871,708,downloaded
crazycodeboy,GitHubPopular,https://github.com/crazycodeboy/GitHubPopular.git,2862,590,downloaded
iconoir-icons,iconoir,https://github.com/iconoir-icons/iconoir.git,2842,115,downloaded
vitalets,react-native-extended-stylesheet,https://github.com/vitalets/react-native-extended-stylesheet.git,2828,134,downloaded
coffe1891,frontend-hard-mode-interview,https://github.com/coffe1891/frontend-hard-mode-interview.git,2804,292,downloaded
react-native-community,upgrade-helper,https://github.com/react-native-community/upgrade-helper.git,2775,76,downloaded
oblador,react-native-keychain,https://github.com/oblador/react-native-keychain.git,2727,464,downloaded
gre,gl-react,https://github.com/gre/gl-react.git,2712,169,downloaded
YvetteLau,Blog,https://github.com/YvetteLau/Blog.git,2676,444,downloaded
mmazzarolo,react-native-modal-datetime-picker,https://github.com/mmazzarolo/react-native-modal-datetime-picker.git,2644,364,downloaded
jemise111,react-native-swipe-list-view,https://github.com/jemise111/react-native-swipe-list-view.git,2642,517,downloaded
tamagui,tamagui,https://github.com/tamagui/tamagui.git,2614,59,downloaded
jsdf,react-native-htmlview,https://github.com/jsdf/react-native-htmlview.git,2602,449,downloaded
wkh237,react-native-fetch-blob,https://github.com/wkh237/react-native-fetch-blob.git,2598,1471,downloaded
ant-design,ant-design-mobile-rn,https://github.com/ant-design/ant-design-mobile-rn.git,2596,581,downloaded
react-native-google-signin,google-signin,https://github.com/react-native-google-signin/google-signin.git,2585,846,downloaded
mrousavy,react-native-mmkv,https://github.com/mrousavy/react-native-mmkv.git,2573,120,downloaded
callstack,react-native-testing-library,https://github.com/callstack/react-native-testing-library.git,2556,220,downloaded
jeremybarbet,react-native-modalize,https://github.com/jeremybarbet/react-native-modalize.git,2529,264,downloaded
unicodeveloper,awesome-opensource-apps,https://github.com/unicodeveloper/awesome-opensource-apps.git,2517,555,downloaded
js-newbee,taro-yanxuan,https://github.com/js-newbee/taro-yanxuan.git,2499,552,downloaded
react-ui-kit,dribbble2react,https://github.com/react-ui-kit/dribbble2react.git,2483,1393,downloaded
infinitered,apisauce,https://github.com/infinitered/apisauce.git,2480,172,downloaded
doublesymmetry,react-native-track-player,https://github.com/doublesymmetry/react-native-track-player.git,2465,840,downloaded
software-mansion,react-native-screens,https://github.com/software-mansion/react-native-screens.git,2455,388,downloaded
mastermoo,react-native-action-button,https://github.com/mastermoo/react-native-action-button.git,2447,564,downloaded
microsoft,vscode-react-native,https://github.com/microsoft/vscode-react-native.git,2438,262,downloaded
zoontek,react-native-bootsplash,https://github.com/zoontek/react-native-bootsplash.git,2435,199,downloaded
ascoders,react-native-image-viewer,https://github.com/ascoders/react-native-image-viewer.git,2381,552,downloaded
bberak,react-native-game-engine,https://github.com/bberak/react-native-game-engine.git,2369,148,downloaded
atulmy,crate,https://github.com/atulmy/crate.git,2353,541,downloaded
expo,expo-cli,https://github.com/expo/expo-cli.git,2328,456,downloaded
indiespirit,react-native-chart-kit,https://github.com/indiespirit/react-native-chart-kit.git,2312,575,downloaded
MarnoDev,react-native-open-project,https://github.com/MarnoDev/react-native-open-project.git,2297,432,downloaded
oblador,react-native-collapsible,https://github.com/oblador/react-native-collapsible.git,2283,463,downloaded
bolan9999,react-native-largelist,https://github.com/bolan9999/react-native-largelist.git,2255,270,downloaded
CarGuo,GSYGithubAPP,https://github.com/CarGuo/GSYGithubAPP.git,2253,427,downloaded
transistorsoft,react-native-background-geolocation,https://github.com/transistorsoft/react-native-background-geolocation.git,2249,407,downloaded
amazon-archives,aws-mobile-react-native-starter,https://github.com/amazon-archives/aws-mobile-react-native-starter.git,2236,283,downloaded
wuxudong,react-native-charts-wrapper,https://github.com/wuxudong/react-native-charts-wrapper.git,2228,620,downloaded
dooboolab,react-native-iap,https://github.com/dooboolab/react-native-iap.git,2222,527,downloaded
Kureev,react-native-side-menu,https://github.com/Kureev/react-native-side-menu.git,2215,443,downloaded
gre,react-native-view-shot,https://github.com/gre/react-native-view-shot.git,2187,312,downloaded
JesperLekland,react-native-svg-charts,https://github.com/JesperLekland/react-native-svg-charts.git,2165,340,downloaded
junedomingo,react-native-rename,https://github.com/junedomingo/react-native-rename.git,2164,225,downloaded
nitaliano,react-native-mapbox-gl,https://github.com/nitaliano/react-native-mapbox-gl.git,2139,715,downloaded
rgommezz,react-native-offline,https://github.com/rgommezz/react-native-offline.git,2125,275,downloaded
jacklam718,react-native-modals,https://github.com/jacklam718/react-native-modals.git,2075,295,downloaded
Flaque,quirk,https://github.com/Flaque/quirk.git,2056,3178,downloaded
nachos-ui,nachos-ui,https://github.com/nachos-ui/nachos-ui.git,2049,138,downloaded
xotahal,react-native-motion,https://github.com/xotahal/react-native-motion.git,2031,135,downloaded
catalinmiron,react-native-dribbble-app,https://github.com/catalinmiron/react-native-dribbble-app.git,2028,418,downloaded
FormidableLabs,victory-native,https://github.com/FormidableLabs/victory-native.git,2012,168,downloaded
osdio,noder-react-native,https://github.com/osdio/noder-react-native.git,1991,411,downloaded
redux-zero,redux-zero,https://github.com/redux-zero/redux-zero.git,1985,92,downloaded
mfrachet,rn-placeholder,https://github.com/mfrachet/rn-placeholder.git,1984,169,downloaded
bartgryszko,react-native-circular-progress,https://github.com/bartgryszko/react-native-circular-progress.git,1983,404,downloaded
7kfpun,FinanceReactNative,https://github.com/7kfpun/FinanceReactNative.git,1976,633,downloaded
jmurzy,react-native-foldview,https://github.com/jmurzy/react-native-foldview.git,1967,198,downloaded
viromedia,viro,https://github.com/viromedia/viro.git,1939,445,downloaded
moaazsidat,react-native-qrcode-scanner,https://github.com/moaazsidat/react-native-qrcode-scanner.git,1932,437,downloaded
flatlogic,react-native-starter,https://github.com/flatlogic/react-native-starter.git,1930,618,downloaded
algolia,react-instantsearch,https://github.com/algolia/react-instantsearch.git,1917,405,downloaded
react-native-community,cli,https://github.com/react-native-community/cli.git,1916,777,downloaded
mohebifar,react-native-copilot,https://github.com/mohebifar/react-native-copilot.git,1909,346,downloaded
arthenica,ffmpeg-kit,https://github.com/arthenica/ffmpeg-kit.git,1909,288,downloaded
nirsky,react-native-size-matters,https://github.com/nirsky/react-native-size-matters.git,1896,138,downloaded
remirror,remirror,https://github.com/remirror/remirror.git,1879,183,downloaded
zoontek,react-native-localize,https://github.com/zoontek/react-native-localize.git,1867,192,downloaded
IjzerenHein,react-native-shared-element,https://github.com/IjzerenHein/react-native-shared-element.git,1840,85,downloaded
deepsweet,hocs,https://github.com/deepsweet/hocs.git,1821,55,downloaded
callstack,react-native-pager-view,https://github.com/callstack/react-native-pager-view.git,1817,340,downloaded
areslabs,alita,https://github.com/areslabs/alita.git,1815,119,downloaded
react-native-datetimepicker,datetimepicker,https://github.com/react-native-datetimepicker/datetimepicker.git,1808,291,downloaded
callstack,react-native-builder-bob,https://github.com/callstack/react-native-builder-bob.git,1805,134,downloaded
junedomingo,movieapp,https://github.com/junedomingo/movieapp.git,1785,485,downloaded
teslamotors,react-native-camera-kit,https://github.com/teslamotors/react-native-camera-kit.git,1784,420,downloaded
Meituan-Dianping,beeshell,https://github.com/Meituan-Dianping/beeshell.git,1759,276,downloaded
BlueWallet,BlueWallet,https://github.com/BlueWallet/BlueWallet.git,1750,604,downloaded
f2e-awesome,knowledge,https://github.com/f2e-awesome/knowledge.git,1745,359,downloaded
binggg,mrn,https://github.com/binggg/mrn.git,1736,125,downloaded
dabit3,awesome-aws-amplify,https://github.com/dabit3/awesome-aws-amplify.git,1729,174,downloaded
open-source-labs,ReacType,https://github.com/open-source-labs/ReacType.git,1720,222,downloaded
testshallpass,react-native-dropdownalert,https://github.com/testshallpass/react-native-dropdownalert.git,1706,259,downloaded
chantastic,reactpatterns,https://github.com/chantastic/reactpatterns.git,1700,104,downloaded
crazycodeboy,react-native-awesome,https://github.com/crazycodeboy/react-native-awesome.git,1694,411,downloaded
lisong,code-push-server,https://github.com/lisong/code-push-server.git,1690,492,downloaded
facebook,react-native-website,https://github.com/facebook/react-native-website.git,1689,4058,downloaded
react-native-ar,react-native-arkit,https://github.com/react-native-ar/react-native-arkit.git,1681,147,downloaded
react-native-community,react-native-template-typescript,https://github.com/react-native-community/react-native-template-typescript.git,1677,370,downloaded
sysgears,apollo-universal-starter-kit,https://github.com/sysgears/apollo-universal-starter-kit.git,1671,334,downloaded
start-react,native-starter-kit,https://github.com/start-react/native-starter-kit.git,1593,392,downloaded
innoveit,react-native-ble-manager,https://github.com/innoveit/react-native-ble-manager.git,1583,634,downloaded
tomauty,react-native-chart,https://github.com/tomauty/react-native-chart.git,1577,252,downloaded
bhrott,react-native-masked-text,https://github.com/bhrott/react-native-masked-text.git,1560,247,downloaded
th3rdwave,react-native-safe-area-context,https://github.com/th3rdwave/react-native-safe-area-context.git,1558,120,downloaded
lawnstarter,react-native-picker-select,https://github.com/lawnstarter/react-native-picker-select.git,1553,440,downloaded
momotech,MLN,https://github.com/momotech/MLN.git,1553,198,downloaded
react-native-netinfo,react-native-netinfo,https://github.com/react-native-netinfo/react-native-netinfo.git,1543,346,downloaded
joggerplus,awesome-weex,https://github.com/joggerplus/awesome-weex.git,1533,203,downloaded
benawad,fullstack-graphql-airbnb-clone,https://github.com/benawad/fullstack-graphql-airbnb-clone.git,1533,430,downloaded
waylybaye,XcodeCleaner,https://github.com/waylybaye/XcodeCleaner.git,1532,123,downloaded
listen1,listen1_mobile,https://github.com/listen1/listen1_mobile.git,1525,342,downloaded
morenoh149,react-native-contacts,https://github.com/morenoh149/react-native-contacts.git,1521,540,downloaded
naoufal,react-native-payments,https://github.com/naoufal/react-native-payments.git,1521,387,downloaded
Trixieapp,react-virgin,https://github.com/Trixieapp/react-virgin.git,1518,108,downloaded
renative-org,renative,https://github.com/renative-org/renative.git,1514,170,downloaded
oblador,loki,https://github.com/oblador/loki.git,1509,135,downloaded
react-native-community,releases,https://github.com/react-native-community/releases.git,1508,430,downloaded
Andr3wHur5t,react-native-keyboard-spacer,https://github.com/Andr3wHur5t/react-native-keyboard-spacer.git,1502,214,downloaded
ladjs,react-native-loading-spinner-overlay,https://github.com/ladjs/react-native-loading-spinner-overlay.git,1491,174,downloaded
LeoMobileDeveloper,Blogs,https://github.com/LeoMobileDeveloper/Blogs.git,1491,284,downloaded
RocketChat,Rocket.Chat.ReactNative,https://github.com/RocketChat/Rocket.Chat.ReactNative.git,1488,905,downloaded
henninghall,react-native-date-picker,https://github.com/henninghall/react-native-date-picker.git,1480,240,downloaded
phil-r,react-native-looped-carousel,https://github.com/phil-r/react-native-looped-carousel.git,1472,302,downloaded
rnmapbox,maps,https://github.com/rnmapbox/maps.git,1471,666,downloaded
mmazzarolo,react-native-universal-monorepo,https://github.com/mmazzarolo/react-native-universal-monorepo.git,1471,107,downloaded
react-native-training,react-native-fonts,https://github.com/react-native-training/react-native-fonts.git,1450,130,downloaded
OneSignal,react-native-onesignal,https://github.com/OneSignal/react-native-onesignal.git,1448,357,downloaded
alexbrillant,react-native-deck-swiper,https://github.com/alexbrillant/react-native-deck-swiper.git,1444,440,downloaded
a7ul,react-native-exception-handler,https://github.com/a7ul/react-native-exception-handler.git,1434,106,downloaded
frostney,react-native-create-library,https://github.com/frostney/react-native-create-library.git,1428,124,downloaded
naoufal,react-native-touch-id,https://github.com/naoufal/react-native-touch-id.git,1413,473,downloaded
jaydenseric,apollo-upload-client,https://github.com/jaydenseric/apollo-upload-client.git,1413,158,downloaded
rgommezz,react-native-scroll-bottom-sheet,https://github.com/rgommezz/react-native-scroll-bottom-sheet.git,1396,60,downloaded
Agontuk,react-native-geolocation-service,https://github.com/Agontuk/react-native-geolocation-service.git,1395,258,downloaded
react-native-community,discussions-and-proposals,https://github.com/react-native-community/discussions-and-proposals.git,1393,99,downloaded
netguru,sticky-parallax-header,https://github.com/netguru/sticky-parallax-header.git,1382,156,downloaded
gorhom,react-native-animated-tabbar,https://github.com/gorhom/react-native-animated-tabbar.git,1382,116,downloaded
marudy,react-native-responsive-screen,https://github.com/marudy/react-native-responsive-screen.git,1381,131,downloaded
sbycrosz,react-native-credit-card-input,https://github.com/sbycrosz/react-native-credit-card-input.git,1379,678,downloaded
pixielabs,cavy,https://github.com/pixielabs/cavy.git,1368,131,downloaded
bamlab,react-native-image-resizer,https://github.com/bamlab/react-native-image-resizer.git,1364,324,downloaded
react-native-voice,voice,https://github.com/react-native-voice/voice.git,1363,383,downloaded
chiclaim,AndroidAll,https://github.com/chiclaim/AndroidAll.git,1360,352,downloaded
ospfranco,sol,https://github.com/ospfranco/sol.git,1348,31,downloaded
instea,react-native-popup-menu,https://github.com/instea/react-native-popup-menu.git,1343,245,downloaded
expo,examples,https://github.com/expo/examples.git,1339,688,downloaded
mrousavy,react-native-blurhash,https://github.com/mrousavy/react-native-blurhash.git,1326,45,downloaded
getsentry,sentry-react-native,https://github.com/getsentry/sentry-react-native.git,1318,289,downloaded
corymsmith,react-native-fabric,https://github.com/corymsmith/react-native-fabric.git,1310,248,downloaded
react-everywhere,re-start,https://github.com/react-everywhere/re-start.git,1305,97,downloaded
MetaMask,metamask-mobile,https://github.com/MetaMask/metamask-mobile.git,1300,636,downloaded
beefe,react-native-actionsheet,https://github.com/beefe/react-native-actionsheet.git,1296,330,downloaded
jpush,jpush-react-native,https://github.com/jpush/jpush-react-native.git,1295,332,downloaded
apollographql,apollo-cache-persist,https://github.com/apollographql/apollo-cache-persist.git,1291,109,downloaded
EasyTuan,taro-msparis,https://github.com/EasyTuan/taro-msparis.git,1283,323,downloaded
react-native-elements,react-native-elements-app,https://github.com/react-native-elements/react-native-elements-app.git,1272,426,downloaded
wonday,react-native-pdf,https://github.com/wonday/react-native-pdf.git,1270,445,downloaded
24ark,react-native-step-indicator,https://github.com/24ark/react-native-step-indicator.git,1261,295,downloaded
jeanregisser,react-native-slider,https://github.com/jeanregisser/react-native-slider.git,1243,566,downloaded
eduardomoroni,react-clean-architecture,https://github.com/eduardomoroni/react-clean-architecture.git,1238,147,downloaded
brh55,react-native-masonry,https://github.com/brh55/react-native-masonry.git,1232,168,downloaded
alibaba,bindingx,https://github.com/alibaba/bindingx.git,1232,108,downloaded
OneKeyHQ,app-monorepo,https://github.com/OneKeyHQ/app-monorepo.git,1223,171,downloaded
dohooo,react-native-reanimated-carousel,https://github.com/dohooo/react-native-reanimated-carousel.git,1217,123,downloaded
saleel,react-native-super-grid,https://github.com/saleel/react-native-super-grid.git,1217,152,downloaded
wangdicoder,JueJinClient,https://github.com/wangdicoder/JueJinClient.git,1206,276,downloaded
czy0729,Bangumi,https://github.com/czy0729/Bangumi.git,1194,50,downloaded
bamlab,generator-rn-toolbox,https://github.com/bamlab/generator-rn-toolbox.git,1189,130,downloaded
alinz,example-react-native-redux,https://github.com/alinz/example-react-native-redux.git,1183,280,downloaded
react-brasil,empresas-que-usam-react-no-brasil,https://github.com/react-brasil/empresas-que-usam-react-no-brasil.git,1181,313,downloaded
sohobloo,react-native-modal-dropdown,https://github.com/sohobloo/react-native-modal-dropdown.git,1160,484,downloaded
qiuxiang,react-native-amap3d,https://github.com/qiuxiang/react-native-amap3d.git,1158,318,downloaded
tipsi,tipsi-stripe,https://github.com/tipsi/tipsi-stripe.git,1145,546,downloaded
cesardeazevedo,react-native-bottom-sheet-behavior,https://github.com/cesardeazevedo/react-native-bottom-sheet-behavior.git,1144,115,downloaded
lucasferreira,react-native-flash-message,https://github.com/lucasferreira/react-native-flash-message.git,1143,146,downloaded
shahen94,react-native-video-processing,https://github.com/shahen94/react-native-video-processing.git,1131,308,downloaded
IjzerenHein,react-navigation-shared-element,https://github.com/IjzerenHein/react-navigation-shared-element.git,1127,108,downloaded
react-native-text-input-mask,react-native-text-input-mask,https://github.com/react-native-text-input-mask/react-native-text-input-mask.git,1123,280,downloaded
thegamenicorus,react-native-timeline-listview,https://github.com/thegamenicorus/react-native-timeline-listview.git,1120,189,downloaded
ladjs,frisbee,https://github.com/ladjs/frisbee.git,1111,70,downloaded
taskrabbit,react-native-parsed-text,https://github.com/taskrabbit/react-native-parsed-text.git,1109,168,downloaded
react-native-community,rn-diff-purge,https://github.com/react-native-community/rn-diff-purge.git,1107,68,downloaded
rcaferati,react-native-really-awesome-button,https://github.com/rcaferati/react-native-really-awesome-button.git,1097,121,downloaded
expo,react-native-action-sheet,https://github.com/expo/react-native-action-sheet.git,1095,217,downloaded
Rocketseat,expo-common-issues,https://github.com/Rocketseat/expo-common-issues.git,1094,135,downloaded
bramus,react-native-maps-directions,https://github.com/bramus/react-native-maps-directions.git,1077,179,downloaded
ncuillery,rn-diff,https://github.com/ncuillery/rn-diff.git,1073,39,downloaded
jiwonbest,amazing-react-projects,https://github.com/jiwonbest/amazing-react-projects.git,1069,175,downloaded
crazycodeboy,react-native-easy-toast,https://github.com/crazycodeboy/react-native-easy-toast.git,1066,252,downloaded
rnmods,react-native-document-picker,https://github.com/rnmods/react-native-document-picker.git,1056,399,downloaded
ammarahm-ed,react-native-mmkv-storage,https://github.com/ammarahm-ed/react-native-mmkv-storage.git,1053,78,downloaded
ATF19,react-native-shop-ui,https://github.com/ATF19/react-native-shop-ui.git,1047,310,downloaded
steniowagner,mindCast,https://github.com/steniowagner/mindCast.git,1047,225,downloaded
marklawlor,nativewind,https://github.com/marklawlor/nativewind.git,1046,41,downloaded
Rocketseat,awesome,https://github.com/Rocketseat/awesome.git,1039,124,downloaded
react-native-picker,picker,https://github.com/react-native-picker/picker.git,1033,218,downloaded
IjzerenHein,react-native-bundle-visualizer,https://github.com/IjzerenHein/react-native-bundle-visualizer.git,1033,35,downloaded
margelo,react-native-graph,https://github.com/margelo/react-native-graph.git,1032,39,downloaded
jsartisan,react-native-magnus,https://github.com/jsartisan/react-native-magnus.git,1015,70,downloaded
kristerkari,react-native-svg-transformer,https://github.com/kristerkari/react-native-svg-transformer.git,1011,79,downloaded
alibaba,G3D,https://github.com/alibaba/G3D.git,1011,109,downloaded
peggyrayzis,react-native-create-bridge,https://github.com/peggyrayzis/react-native-create-bridge.git,1009,76,downloaded
jamesisaac,react-native-background-task,https://github.com/jamesisaac/react-native-background-task.git,1005,107,downloaded
proyecto26,react-native-inappbrowser,https://github.com/proyecto26/react-native-inappbrowser.git,1004,178,downloaded
bonniee,learning-react-native,https://github.com/bonniee/learning-react-native.git,1001,325,downloaded
prscX,react-native-photo-editor,https://github.com/prscX/react-native-photo-editor.git,996,217,downloaded
revtel,react-native-nfc-manager,https://github.com/revtel/react-native-nfc-manager.git,994,257,downloaded
amazon-archives,amazon-cognito-identity-js,https://github.com/amazon-archives/amazon-cognito-identity-js.git,987,468,downloaded
IjzerenHein,react-native-magic-move,https://github.com/IjzerenHein/react-native-magic-move.git,980,44,downloaded
enesozturk,react-native-hold-menu,https://github.com/enesozturk/react-native-hold-menu.git,979,50,downloaded
pmadruga,react-native-clean-project,https://github.com/pmadruga/react-native-clean-project.git,967,45,downloaded
mrousavy,react-native-multithreading,https://github.com/mrousavy/react-native-multithreading.git,961,42,downloaded
jeanrauwers,mern-course-bootcamp,https://github.com/jeanrauwers/mern-course-bootcamp.git,958,145,downloaded
zbtang,React-Native-ViewPager,https://github.com/zbtang/React-Native-ViewPager.git,952,287,downloaded
xcarpentier,react-native-country-picker-modal,https://github.com/xcarpentier/react-native-country-picker-modal.git,951,707,downloaded
jondot,ReactNativeKatas,https://github.com/jondot/ReactNativeKatas.git,945,121,downloaded
ammarahm-ed,react-native-actions-sheet,https://github.com/ammarahm-ed/react-native-actions-sheet.git,942,85,downloaded
WalletConnect,walletconnect-monorepo,https://github.com/WalletConnect/walletconnect-monorepo.git,941,509,downloaded
nysamnang,react-native-raw-bottom-sheet,https://github.com/nysamnang/react-native-raw-bottom-sheet.git,933,166,downloaded
kfiroo,react-native-cached-image,https://github.com/kfiroo/react-native-cached-image.git,929,472,downloaded
stripe,stripe-react-native,https://github.com/stripe/stripe-react-native.git,919,179,downloaded
zetachang,react-native-dotenv,https://github.com/zetachang/react-native-dotenv.git,913,73,downloaded
calintamas,react-native-toast-message,https://github.com/calintamas/react-native-toast-message.git,907,176,downloaded
mCodex,react-native-sensitive-info,https://github.com/mCodex/react-native-sensitive-info.git,902,201,downloaded
callstack,repack,https://github.com/callstack/repack.git,900,64,downloaded
tomzaku,react-native-shimmer-placeholder,https://github.com/tomzaku/react-native-shimmer-placeholder.git,894,85,downloaded
rescript-react-native,rescript-react-native,https://github.com/rescript-react-native/rescript-react-native.git,886,138,downloaded
enesozturk,rn-swipeable-panel,https://github.com/enesozturk/rn-swipeable-panel.git,886,138,downloaded
capitalone,react-native-pathjs-charts,https://github.com/capitalone/react-native-pathjs-charts.git,885,271,downloaded
n4kz,react-native-material-textfield,https://github.com/n4kz/react-native-material-textfield.git,885,825,downloaded
awesomejerry,react-native-qrcode-svg,https://github.com/awesomejerry/react-native-qrcode-svg.git,884,170,downloaded
jasonmerino,react-native-simple-store,https://github.com/jasonmerino/react-native-simple-store.git,874,78,downloaded
eva-design,eva,https://github.com/eva-design/eva.git,873,58,downloaded
michalchudziak,react-native-geolocation,https://github.com/michalchudziak/react-native-geolocation.git,871,177,downloaded
rocketseat-education,nlw-03-omnistack,https://github.com/rocketseat-education/nlw-03-omnistack.git,870,270,downloaded
callstack,react-native-slider,https://github.com/callstack/react-native-slider.git,860,201,downloaded
brunolemos,react-native-web-monorepo,https://github.com/brunolemos/react-native-web-monorepo.git,854,182,downloaded
cssivision,react-native-qrcode,https://github.com/cssivision/react-native-qrcode.git,852,306,downloaded
EvanBacon,Expo-Crossy-Road,https://github.com/EvanBacon/Expo-Crossy-Road.git,849,119,downloaded
stevenpersia,tinder-react-native,https://github.com/stevenpersia/tinder-react-native.git,844,332,downloaded
wmcmahan,react-native-calendar-events,https://github.com/wmcmahan/react-native-calendar-events.git,821,254,downloaded
microsoft,rnx-kit,https://github.com/microsoft/rnx-kit.git,817,51,downloaded
BugiDev,react-native-calendar-strip,https://github.com/BugiDev/react-native-calendar-strip.git,816,292,downloaded
wix,react-native-zss-rich-text-editor,https://github.com/wix/react-native-zss-rich-text-editor.git,816,313,downloaded
NoQuarterTeam,boilerplate,https://github.com/NoQuarterTeam/boilerplate.git,813,70,downloaded
jfilter,react-native-onboarding-swiper,https://github.com/jfilter/react-native-onboarding-swiper.git,812,163,downloaded
seniv,react-native-notifier,https://github.com/seniv/react-native-notifier.git,811,48,downloaded
hieuvp,react-native-fingerprint-scanner,https://github.com/hieuvp/react-native-fingerprint-scanner.git,810,280,downloaded
mariodev12,react-native-netflix,https://github.com/mariodev12/react-native-netflix.git,810,268,downloaded
rainbow-me,react-native-animated-charts,https://github.com/rainbow-me/react-native-animated-charts.git,810,86,downloaded
Thinkmill,react-conf-app,https://github.com/Thinkmill/react-conf-app.git,806,84,downloaded
liumingmusic,react-native-full-example,https://github.com/liumingmusic/react-native-full-example.git,805,222,downloaded
n4kz,react-native-indicators,https://github.com/n4kz/react-native-indicators.git,797,112,downloaded
bartgryszko,react-native-circular-slider,https://github.com/bartgryszko/react-native-circular-slider.git,796,179,downloaded
joeferraro,react-native-cookies,https://github.com/joeferraro/react-native-cookies.git,791,323,downloaded
react-native-sensors,react-native-sensors,https://github.com/react-native-sensors/react-native-sensors.git,787,214,downloaded
Zaelot-Inc,ui-libraries,https://github.com/Zaelot-Inc/ui-libraries.git,782,56,downloaded
wix,react-native-keyboard-input,https://github.com/wix/react-native-keyboard-input.git,778,148,downloaded
mobily,stacks,https://github.com/mobily/stacks.git,776,23,downloaded
kolplattformen,skolplattformen,https://github.com/kolplattformen/skolplattformen.git,775,164,downloaded
smallnew,react-native-multibundler,https://github.com/smallnew/react-native-multibundler.git,772,175,downloaded
avishayil,react-native-restart,https://github.com/avishayil/react-native-restart.git,771,137,downloaded
djchie,react-native-star-rating,https://github.com/djchie/react-native-star-rating.git,768,180,downloaded
tlenclos,react-native-audio-streaming,https://github.com/tlenclos/react-native-audio-streaming.git,768,263,downloaded
bamlab,react-native-make,https://github.com/bamlab/react-native-make.git,764,79,downloaded
Kudo,react-native-v8,https://github.com/Kudo/react-native-v8.git,762,51,downloaded
Michaelvilleneuve,react-native-document-scanner,https://github.com/Michaelvilleneuve/react-native-document-scanner.git,755,277,downloaded
filipemerker,flatlist-performance-tips,https://github.com/filipemerker/flatlist-performance-tips.git,752,44,downloaded
APSL,react-native-button,https://github.com/APSL/react-native-button.git,750,128,downloaded
gitim,react-native-sortable-list,https://github.com/gitim/react-native-sortable-list.git,749,268,downloaded
sghiassy,react-native-sglistview,https://github.com/sghiassy/react-native-sglistview.git,741,73,downloaded
oblador,react-native-performance,https://github.com/oblador/react-native-performance.git,739,28,downloaded
full-stack-serverless,conference-app-in-a-box,https://github.com/full-stack-serverless/conference-app-in-a-box.git,738,141,downloaded
cooperka,react-native-snackbar,https://github.com/cooperka/react-native-snackbar.git,736,144,downloaded
mrlaessig,react-native-autocomplete-input,https://github.com/mrlaessig/react-native-autocomplete-input.git,730,256,downloaded
jbranchaud,awesome-react-design-systems,https://github.com/jbranchaud/awesome-react-design-systems.git,728,42,downloaded
wcandillon,react-native-img-cache,https://github.com/wcandillon/react-native-img-cache.git,728,145,downloaded
gorhom,react-native-sticky-item,https://github.com/gorhom/react-native-sticky-item.git,723,37,downloaded
react-native-masked-view,masked-view,https://github.com/react-native-masked-view/masked-view.git,723,102,downloaded
hasura,awesome-react-graphql,https://github.com/hasura/awesome-react-graphql.git,722,93,downloaded
Monte9,react-native-ratings,https://github.com/Monte9/react-native-ratings.git,720,183,downloaded
rpldy,react-uploady,https://github.com/rpldy/react-uploady.git,720,29,downloaded
halilb,react-native-photo-browser,https://github.com/halilb/react-native-photo-browser.git,718,192,downloaded
fullstackreact,react-native-firestack,https://github.com/fullstackreact/react-native-firestack.git,717,138,downloaded
callstack,reassure,https://github.com/callstack/reassure.git,716,4,downloaded
vikeri,react-native-background-job,https://github.com/vikeri/react-native-background-job.git,712,106,downloaded
n4kz,react-native-material-dropdown,https://github.com/n4kz/react-native-material-dropdown.git,702,596,downloaded
douglasjunior,react-native-keyboard-manager,https://github.com/douglasjunior/react-native-keyboard-manager.git,701,56,downloaded
react-native-webrtc,react-native-callkeep,https://github.com/react-native-webrtc/react-native-callkeep.git,698,354,downloaded
tanguyantoine,react-native-music-control,https://github.com/tanguyantoine/react-native-music-control.git,698,242,downloaded
vonovak,react-navigation-header-buttons,https://github.com/vonovak/react-navigation-header-buttons.git,696,53,downloaded
electrode-io,electrode-native,https://github.com/electrode-io/electrode-native.git,696,112,downloaded
MarnoDev,react-native-qrcode-scanner-view,https://github.com/MarnoDev/react-native-qrcode-scanner-view.git,685,226,downloaded
react-native-community,directory,https://github.com/react-native-community/directory.git,684,323,downloaded
obipawan,react-native-hyperlink,https://github.com/obipawan/react-native-hyperlink.git,684,78,downloaded
timomeh,react-native-material-bottom-navigation,https://github.com/timomeh/react-native-material-bottom-navigation.git,681,128,downloaded
colorfy-software,react-native-modalfy,https://github.com/colorfy-software/react-native-modalfy.git,680,28,downloaded
LeoMobileDeveloper,ReactNativeMaterials,https://github.com/LeoMobileDeveloper/ReactNativeMaterials.git,674,171,downloaded
rangle,redux-beacon,https://github.com/rangle/redux-beacon.git,667,72,downloaded
adamjmcgrath,react-native-simple-auth,https://github.com/adamjmcgrath/react-native-simple-auth.git,666,104,downloaded
iqiyi,LiteApp,https://github.com/iqiyi/LiteApp.git,665,95,downloaded
ds300,react-native-typescript-transformer,https://github.com/ds300/react-native-typescript-transformer.git,664,56,downloaded
gorhom,react-native-paper-onboarding,https://github.com/gorhom/react-native-paper-onboarding.git,663,38,downloaded
tachyons-css,react-native-style-tachyons,https://github.com/tachyons-css/react-native-style-tachyons.git,662,49,downloaded
Intellicode,eslint-plugin-react-native,https://github.com/Intellicode/eslint-plugin-react-native.git,661,120,downloaded
GetStream,stream-chat-react-native,https://github.com/GetStream/stream-chat-react-native.git,660,209,downloaded
meliorence,react-native-image-gallery,https://github.com/meliorence/react-native-image-gallery.git,660,298,downloaded
hossein-zare,react-native-dropdown-picker,https://github.com/hossein-zare/react-native-dropdown-picker.git,654,229,downloaded
amandeepmittal,react-native-examples,https://github.com/amandeepmittal/react-native-examples.git,650,428,downloaded
songxiaoliang,ReactNativeApp,https://github.com/songxiaoliang/ReactNativeApp.git,650,178,downloaded
jgrancher,react-native-sketch,https://github.com/jgrancher/react-native-sketch.git,646,73,downloaded
BelinChung,react-native-hiapp,https://github.com/BelinChung/react-native-hiapp.git,642,185,downloaded
nihgwu,react-native-dva-starter,https://github.com/nihgwu/react-native-dva-starter.git,640,148,downloaded
storybookjs,react-native,https://github.com/storybookjs/react-native.git,639,103,downloaded
Vydia,react-native-background-upload,https://github.com/Vydia/react-native-background-upload.git,638,251,downloaded
spencercarli,react-native-meteor-boilerplate,https://github.com/spencercarli/react-native-meteor-boilerplate.git,636,147,downloaded
CRAlpha,react-native-wkwebview,https://github.com/CRAlpha/react-native-wkwebview.git,635,277,downloaded
hsavit1,Awesome-React-Native-Education,https://github.com/hsavit1/Awesome-React-Native-Education.git,635,92,downloaded
chandu0101,sri,https://github.com/chandu0101/sri.git,636,37,downloaded
joltup,react-native-threads,https://github.com/joltup/react-native-threads.git,634,104,downloaded
Minds,minds,https://github.com/Minds/minds.git,634,194,downloaded
jmurzy,react-router-native,https://github.com/jmurzy/react-router-native.git,634,45,downloaded
reactwg,react-native-new-architecture,https://github.com/reactwg/react-native-new-architecture.git,633,8,downloaded
wonday,react-native-orientation-locker,https://github.com/wonday/react-native-orientation-locker.git,632,186,downloaded
Mindinventory,react-native-tabbar-interaction,https://github.com/Mindinventory/react-native-tabbar-interaction.git,630,160,downloaded
alphasp,pxview,https://github.com/alphasp/pxview.git,630,82,downloaded
csxiaoyaojianxian,JavaScriptStudy,https://github.com/csxiaoyaojianxian/JavaScriptStudy.git,627,195,downloaded
jobtoday,react-native-image-viewing,https://github.com/jobtoday/react-native-image-viewing.git,626,183,downloaded
infinitered,ignite-bowser,https://github.com/infinitered/ignite-bowser.git,622,139,downloaded
terrysahaidak,react-native-gallery-toolkit,https://github.com/terrysahaidak/react-native-gallery-toolkit.git,622,37,downloaded
syanbo,react-native-syan-image-picker,https://github.com/syanbo/react-native-syan-image-picker.git,622,148,downloaded
artsy,emission,https://github.com/artsy/emission.git,622,80,downloaded
animavita,animavita,https://github.com/animavita/animavita.git,617,188,downloaded
atulmy,fullstack-javascript-architecture,https://github.com/atulmy/fullstack-javascript-architecture.git,615,160,downloaded
dabit3,awesome-aws-appsync,https://github.com/dabit3/awesome-aws-appsync.git,615,40,downloaded
junina-de,react-native-haptic-feedback,https://github.com/junina-de/react-native-haptic-feedback.git,614,76,downloaded
wix,DetoxInstruments,https://github.com/wix/DetoxInstruments.git,613,36,downloaded
prscX,react-native-bottom-action-sheet,https://github.com/prscX/react-native-bottom-action-sheet.git,612,47,downloaded
mochixuan,react-native-drag-sort,https://github.com/mochixuan/react-native-drag-sort.git,612,134,downloaded
oblador,react-native-store-review,https://github.com/oblador/react-native-store-review.git,610,42,downloaded
febobo,react-native-redux-FeInn,https://github.com/febobo/react-native-redux-FeInn.git,606,157,downloaded
apiko-dev,GitterMobile,https://github.com/apiko-dev/GitterMobile.git,603,170,downloaded
LNReader,lnreader,https://github.com/LNReader/lnreader.git,602,63,downloaded
surmon-china,surmon.me.native,https://github.com/surmon-china/surmon.me.native.git,601,151,downloaded
react-native-google-cast,react-native-google-cast,https://github.com/react-native-google-cast/react-native-google-cast.git,597,242,downloaded
functionland,fotos,https://github.com/functionland/fotos.git,596,55,downloaded
ihtml5,50weekly,https://github.com/ihtml5/50weekly.git,596,79,downloaded
microsoft,chart-parts,https://github.com/microsoft/chart-parts.git,595,34,downloaded
instamobile,recipes-app-react-native,https://github.com/instamobile/recipes-app-react-native.git,594,198,downloaded
react-native-dialogs,react-native-dialogs,https://github.com/react-native-dialogs/react-native-dialogs.git,592,118,downloaded
itsnubix,react-native-video-controls,https://github.com/itsnubix/react-native-video-controls.git,587,496,downloaded
react-native-push-notification,ios,https://github.com/react-native-push-notification/ios.git,587,233,downloaded
zehfernandes,wordnote,https://github.com/zehfernandes/wordnote.git,586,29,downloaded
togayther,react-native-cnblogs,https://github.com/togayther/react-native-cnblogs.git,579,216,downloaded
venits,react-native-map-clustering,https://github.com/venits/react-native-map-clustering.git,579,187,downloaded
huiseoul,react-native-fit-image,https://github.com/huiseoul/react-native-fit-image.git,578,56,downloaded
robinpowered,glamorous-native,https://github.com/robinpowered/glamorous-native.git,577,64,downloaded
ueno-llc,react-native-starter,https://github.com/ueno-llc/react-native-starter.git,576,90,downloaded
prscX,react-native-app-tour,https://github.com/prscX/react-native-app-tour.git,574,116,downloaded
thewei,react-native-store,https://github.com/thewei/react-native-store.git,572,74,downloaded
RealOrangeOne,react-native-mock,https://github.com/RealOrangeOne/react-native-mock.git,570,157,downloaded
glepur,react-native-swipe-gestures,https://github.com/glepur/react-native-swipe-gestures.git,566,150,downloaded
Aashu-Dubey,React-Native-UI-Templates,https://github.com/Aashu-Dubey/React-Native-UI-Templates.git,565,83,downloaded
tolu360,react-native-google-places,https://github.com/tolu360/react-native-google-places.git,561,280,downloaded
AgoraIO-Extensions,react-native-agora,https://github.com/AgoraIO-Extensions/react-native-agora.git,560,205,downloaded
pinqy520,mobx-persist,https://github.com/pinqy520/mobx-persist.git,560,64,downloaded
NitzanHen,agrippa,https://github.com/NitzanHen/agrippa.git,558,18,downloaded
wangdicoder,react-native-Gank,https://github.com/wangdicoder/react-native-Gank.git,555,104,downloaded
im-js,im.js,https://github.com/im-js/im.js.git,554,156,downloaded
dwmkerr,app-icon,https://github.com/dwmkerr/app-icon.git,554,53,downloaded
blackuy,react-native-twilio-video-webrtc,https://github.com/blackuy/react-native-twilio-video-webrtc.git,548,367,downloaded
austinksmith,Hamsters.js,https://github.com/austinksmith/Hamsters.js.git,547,31,downloaded
Spikef,react-native-gesture-password,https://github.com/Spikef/react-native-gesture-password.git,543,125,downloaded
TVke,react-native-tailwindcss,https://github.com/TVke/react-native-tailwindcss.git,543,36,downloaded
kimxogus,react-native-version-check,https://github.com/kimxogus/react-native-version-check.git,542,142,downloaded
ospfranco,link-preview-js,https://github.com/ospfranco/link-preview-js.git,541,95,downloaded
victorkvarghese,react-native-boilerplate,https://github.com/victorkvarghese/react-native-boilerplate.git,539,205,downloaded
briskml,brisk,https://github.com/briskml/brisk.git,539,8,downloaded
NadiKuts,react-native-pull-refresh,https://github.com/NadiKuts/react-native-pull-refresh.git,536,120,downloaded
prscX,react-native-spruce,https://github.com/prscX/react-native-spruce.git,536,35,downloaded
heyman333,react-native-responsive-fontSize,https://github.com/heyman333/react-native-responsive-fontSize.git,534,30,downloaded
vigzmv,what_the_thing,https://github.com/vigzmv/what_the_thing.git,534,74,downloaded
jacklam718,react-native-button-component,https://github.com/jacklam718/react-native-button-component.git,533,50,downloaded
wxik,react-native-rich-editor,https://github.com/wxik/react-native-rich-editor.git,531,237,downloaded
includable,react-native-map-link,https://github.com/includable/react-native-map-link.git,530,120,downloaded
hayanisaid,React-Native-developer-roadmap,https://github.com/hayanisaid/React-Native-developer-roadmap.git,527,73,downloaded
FiberJW,react-native-app-link,https://github.com/FiberJW/react-native-app-link.git,527,34,downloaded
joshswan,react-native-autolink,https://github.com/joshswan/react-native-autolink.git,526,80,downloaded
MacKentoch,react-native-beacons-manager,https://github.com/MacKentoch/react-native-beacons-manager.git,525,290,downloaded
gameboyVito,react-native-ultimate-listview,https://github.com/gameboyVito/react-native-ultimate-listview.git,525,89,downloaded
react-native-menu,menu,https://github.com/react-native-menu/menu.git,520,19,downloaded
creativetimofficial,material-kit-react-native,https://github.com/creativetimofficial/material-kit-react-native.git,520,322,downloaded
goatandsheep,react-native-dotenv,https://github.com/goatandsheep/react-native-dotenv.git,520,32,downloaded
bberak,react-native-game-engine-handbook,https://github.com/bberak/react-native-game-engine-handbook.git,519,81,downloaded
kyaroru,RNParallax,https://github.com/kyaroru/RNParallax.git,519,114,downloaded
mtford90,react-native-watch-connectivity,https://github.com/mtford90/react-native-watch-connectivity.git,518,83,downloaded
testing-library,native-testing-library,https://github.com/testing-library/native-testing-library.git,518,44,downloaded
xcarpentier,rn-tourguide,https://github.com/xcarpentier/rn-tourguide.git,517,147,downloaded
ZeusLN,zeus,https://github.com/ZeusLN/zeus.git,517,77,downloaded
SimCoderYoutube,InstagramClone,https://github.com/SimCoderYoutube/InstagramClone.git,515,224,downloaded
shoutem,shoutem.github.io,https://github.com/shoutem/shoutem.github.io.git,514,92,downloaded
duheng,Mozi,https://github.com/duheng/Mozi.git,513,93,downloaded
dwicao,react-native-login-screen,https://github.com/dwicao/react-native-login-screen.git,513,239,downloaded
stovmascript,react-native-version,https://github.com/stovmascript/react-native-version.git,512,62,downloaded
lucaspbordignon,rn-apple-healthkit,https://github.com/lucaspbordignon/rn-apple-healthkit.git,510,303,downloaded
react-native-tvos,react-native-tvos,https://github.com/react-native-tvos/react-native-tvos.git,504,84,downloaded
yuche,gouqi,https://github.com/yuche/gouqi.git,502,75,downloaded
WrathChaos,react-native-header-view,https://github.com/WrathChaos/react-native-header-view.git,501,28,downloaded
winoteam,react-router-navigation,https://github.com/winoteam/react-router-navigation.git,500,52,downloaded
crazycodeboy,react-native-check-box,https://github.com/crazycodeboy/react-native-check-box.git,499,169,downloaded
react-keycloak,react-keycloak,https://github.com/react-keycloak/react-keycloak.git,499,106,downloaded
srtucker22,chatty,https://github.com/srtucker22/chatty.git,496,115,downloaded
CharlesMangwa,react-data-fetching,https://github.com/CharlesMangwa/react-data-fetching.git,495,27,downloaded
alexmngn,react-native-authentication,https://github.com/alexmngn/react-native-authentication.git,494,163,downloaded
pveyes,htmr,https://github.com/pveyes/htmr.git,493,28,downloaded
Kishanjvaghela,react-native-cardview,https://github.com/Kishanjvaghela/react-native-cardview.git,490,74,downloaded
Rocketseat,react-native-template-rocketseat-advanced,https://github.com/Rocketseat/react-native-template-rocketseat-advanced.git,488,155,downloaded
hyochan,react-native-audio-recorder-player,https://github.com/hyochan/react-native-audio-recorder-player.git,487,151,downloaded
forsigner,fower,https://github.com/forsigner/fower.git,485,33,downloaded
naoufal,react-native-safari-view,https://github.com/naoufal/react-native-safari-view.git,484,113,downloaded
monterosalondon,react-native-parallax-scroll,https://github.com/monterosalondon/react-native-parallax-scroll.git,484,61,downloaded
entria,entria-fullstack,https://github.com/entria/entria-fullstack.git,483,75,downloaded
FormidableLabs,react-native-owl,https://github.com/FormidableLabs/react-native-owl.git,479,15,downloaded
infinitered,ignite-andross,https://github.com/infinitered/ignite-andross.git,478,160,downloaded
obytes,react-native-template-obytes,https://github.com/obytes/react-native-template-obytes.git,477,77,downloaded
vydimitrov,react-countdown-circle-timer,https://github.com/vydimitrov/react-countdown-circle-timer.git,476,69,downloaded
simbathesailor,use-what-changed,https://github.com/simbathesailor/use-what-changed.git,476,11,downloaded
esbenp,react-native-clean-form,https://github.com/esbenp/react-native-clean-form.git,474,85,downloaded
invertase,react-native-notifee,https://github.com/invertase/react-native-notifee.git,473,32,downloaded
jasongaare,react-native-walkthrough-tooltip,https://github.com/jasongaare/react-native-walkthrough-tooltip.git,470,137,downloaded
rishabhbhatia,react-native-awesome-alerts,https://github.com/rishabhbhatia/react-native-awesome-alerts.git,470,71,downloaded
PedroBern,react-native-collapsible-tab-view,https://github.com/PedroBern/react-native-collapsible-tab-view.git,469,89,downloaded
BranchMetrics,react-native-branch-deep-linking-attribution,https://github.com/BranchMetrics/react-native-branch-deep-linking-attribution.git,469,192,downloaded
cornedor,react-native-video-player,https://github.com/cornedor/react-native-video-player.git,468,297,downloaded
RobertSasak,react-native-openalpr,https://github.com/RobertSasak/react-native-openalpr.git,465,158,downloaded
callstack,react-native-ios-kit,https://github.com/callstack/react-native-ios-kit.git,464,55,downloaded
prscX,react-native-popover-menu,https://github.com/prscX/react-native-popover-menu.git,464,59,downloaded
kirillzyusko,react-native-keyboard-controller,https://github.com/kirillzyusko/react-native-keyboard-controller.git,463,8,downloaded
jonathanpalma,react-native-tesseract-ocr,https://github.com/jonathanpalma/react-native-tesseract-ocr.git,463,147,downloaded
ardaogulcan,react-native-keyboard-accessory,https://github.com/ardaogulcan/react-native-keyboard-accessory.git,462,58,downloaded
MinaSamir11,react-native-in-app-review,https://github.com/MinaSamir11/react-native-in-app-review.git,461,39,downloaded
heylinda,heylinda-app,https://github.com/heylinda/heylinda-app.git,461,115,downloaded
oblador,react-native-esbuild,https://github.com/oblador/react-native-esbuild.git,458,3,downloaded
calebnance,expo-spotify,https://github.com/calebnance/expo-spotify.git,458,88,downloaded
davodesign84,react-native-mixpanel,https://github.com/davodesign84/react-native-mixpanel.git,457,198,downloaded
pagopa,io-app,https://github.com/pagopa/io-app.git,458,80,downloaded
ryanmcdermott,react-native-login,https://github.com/ryanmcdermott/react-native-login.git,456,86,downloaded
Rocketseat,react-native-template-rocketseat-basic,https://github.com/Rocketseat/react-native-template-rocketseat-basic.git,455,149,downloaded
stayawayinesctec,stayaway-app,https://github.com/stayawayinesctec/stayaway-app.git,455,49,downloaded
mxck,react-native-material-menu,https://github.com/mxck/react-native-material-menu.git,454,85,downloaded
Kerumen,react-native-awesome-card-io,https://github.com/Kerumen/react-native-awesome-card-io.git,454,135,downloaded
react-native-toolkit,react-native-responsive-dimensions,https://github.com/react-native-toolkit/react-native-responsive-dimensions.git,454,36,downloaded
Purii,react-native-tableview-simple,https://github.com/Purii/react-native-tableview-simple.git,453,60,downloaded
ethereum-boilerplate,ethereum-react-native-boilerplate,https://github.com/ethereum-boilerplate/ethereum-react-native-boilerplate.git,453,264,downloaded
alan-ai,alan-sdk-reactnative,https://github.com/alan-ai/alan-sdk-reactnative.git,452,9,downloaded
calebnance,expo-netflix,https://github.com/calebnance/expo-netflix.git,451,77,downloaded
birkir,react-native-carplay,https://github.com/birkir/react-native-carplay.git,451,56,downloaded
mrousavy,Colorwaver,https://github.com/mrousavy/Colorwaver.git,450,48,downloaded
praneetrohida,Twitter-Clone,https://github.com/praneetrohida/Twitter-Clone.git,450,185,downloaded
unimodules,react-native-unimodules,https://github.com/unimodules/react-native-unimodules.git,448,47,downloaded
react-native-clipboard,clipboard,https://github.com/react-native-clipboard/clipboard.git,447,73,downloaded
LonelyCpp,react-native-youtube-iframe,https://github.com/LonelyCpp/react-native-youtube-iframe.git,446,116,downloaded
mmazzarolo,ordinary-puzzles-app,https://github.com/mmazzarolo/ordinary-puzzles-app.git,444,36,downloaded
iou90,react-native-autoheight-webview,https://github.com/iou90/react-native-autoheight-webview.git,443,152,downloaded
easyui,EZPlayer,https://github.com/easyui/EZPlayer.git,443,93,downloaded
rnc-archive,react-native-platform-touchable,https://github.com/rnc-archive/react-native-platform-touchable.git,440,30,downloaded
NodeMedia,react-native-nodemediaclient,https://github.com/NodeMedia/react-native-nodemediaclient.git,440,174,downloaded
axemclion,react-native-cordova-plugin,https://github.com/axemclion/react-native-cordova-plugin.git,438,37,downloaded
infinitered,ChainReactApp2017,https://github.com/infinitered/ChainReactApp2017.git,435,118,downloaded
SrBrahma,react-native-shadow-2,https://github.com/SrBrahma/react-native-shadow-2.git,434,25,downloaded
FullstackStation,react-native-svg-animated-linear-gradient,https://github.com/FullstackStation/react-native-svg-animated-linear-gradient.git,427,112,downloaded
EvanBacon,firebase-instagram,https://github.com/EvanBacon/firebase-instagram.git,423,130,downloaded
bruz,react-native-redux-groceries,https://github.com/bruz/react-native-redux-groceries.git,423,86,downloaded
localz,react-native-searchbar,https://github.com/localz/react-native-searchbar.git,422,122,downloaded
marcocesarato,react-native-big-list,https://github.com/marcocesarato/react-native-big-list.git,421,35,downloaded
RevenueCat,react-native-purchases,https://github.com/RevenueCat/react-native-purchases.git,421,58,downloaded
falsy,react-with-clean-architecture,https://github.com/falsy/react-with-clean-architecture.git,420,76,downloaded
yuanguozheng,JdApp,https://github.com/yuanguozheng/JdApp.git,417,166,downloaded
ArnaudRinquin,react-native-radio-buttons,https://github.com/ArnaudRinquin/react-native-radio-buttons.git,417,99,downloaded
kanzitelli,rnn-starter,https://github.com/kanzitelli/rnn-starter.git,415,56,downloaded
doefler,react-native-social-share,https://github.com/doefler/react-native-social-share.git,415,81,downloaded
unbug,react-native-train,https://github.com/unbug/react-native-train.git,413,56,downloaded
jeanpan,react-native-camera-roll-picker,https://github.com/jeanpan/react-native-camera-roll-picker.git,413,174,downloaded
GantMan,jail-monkey,https://github.com/GantMan/jail-monkey.git,413,117,downloaded
meedan,react-native-share-menu,https://github.com/meedan/react-native-share-menu.git,411,168,downloaded
WrathChaos,react-native-dynamic-search-bar,https://github.com/WrathChaos/react-native-dynamic-search-bar.git,410,47,downloaded
callstack,react-native-fbads,https://github.com/callstack/react-native-fbads.git,409,134,downloaded
CharlesMangwa,react-native-simple-markdown,https://github.com/CharlesMangwa/react-native-simple-markdown.git,408,141,downloaded
bamlab,react-native-flipper-performance-monitor,https://github.com/bamlab/react-native-flipper-performance-monitor.git,407,11,downloaded
web-ridge,react-native-paper-dates,https://github.com/web-ridge/react-native-paper-dates.git,407,77,downloaded
lightyearvpn,LightyearVPN,https://github.com/lightyearvpn/LightyearVPN.git,407,61,downloaded
Rapsssito,react-native-background-actions,https://github.com/Rapsssito/react-native-background-actions.git,406,55,downloaded
iconfont-cli,react-native-iconfont-cli,https://github.com/iconfont-cli/react-native-iconfont-cli.git,405,50,downloaded
agencyenterprise,react-native-health,https://github.com/agencyenterprise/react-native-health.git,404,136,downloaded
rosskhanas,react-qr-code,https://github.com/rosskhanas/react-qr-code.git,404,46,downloaded
Nozbe,zacs,https://github.com/Nozbe/zacs.git,404,7,downloaded
emeraldsanto,react-native-encrypted-storage,https://github.com/emeraldsanto/react-native-encrypted-storage.git,404,37,downloaded
dmotz,natal,https://github.com/dmotz/natal.git,402,120,downloaded
Shopify,web-configs,https://github.com/Shopify/web-configs.git,401,46,downloaded
expo,router,https://github.com/expo/router.git,400,13,downloaded
bamlab,react-native-formik,https://github.com/bamlab/react-native-formik.git,399,52,downloaded
thekevinbrown,react-native-schemes-manager,https://github.com/thekevinbrown/react-native-schemes-manager.git,400,64,downloaded
gorhom,react-native-portal,https://github.com/gorhom/react-native-portal.git,398,27,downloaded
alexZajac,react-native-skeleton-content,https://github.com/alexZajac/react-native-skeleton-content.git,398,103,downloaded
n4kz,react-native-material-ripple,https://github.com/n4kz/react-native-material-ripple.git,397,81,downloaded
catalinmiron,react-native-dating-app,https://github.com/catalinmiron/react-native-dating-app.git,396,164,downloaded
victorkvarghese,react-native-messenger,https://github.com/victorkvarghese/react-native-messenger.git,395,142,downloaded
garrettmac,react-native-pagination,https://github.com/garrettmac/react-native-pagination.git,395,39,downloaded
cawfree,create-react-native-dapp,https://github.com/cawfree/create-react-native-dapp.git,393,57,downloaded
EdgeApp,edge-react-gui,https://github.com/EdgeApp/edge-react-gui.git,392,245,downloaded
WrathChaos,react-native-bouncy-checkbox,https://github.com/WrathChaos/react-native-bouncy-checkbox.git,391,34,downloaded
mmazzarolo,breathly-app,https://github.com/mmazzarolo/breathly-app.git,391,51,downloaded
microsoft,react-native-windows-samples,https://github.com/microsoft/react-native-windows-samples.git,391,168,downloaded
f111fei,react-native-unity-view,https://github.com/f111fei/react-native-unity-view.git,390,101,downloaded
tanersener,react-native-ffmpeg,https://github.com/tanersener/react-native-ffmpeg.git,390,49,downloaded
kashishgrover,react-native-see-more-inline,https://github.com/kashishgrover/react-native-see-more-inline.git,388,15,downloaded
gusgard,react-native-swiper-flatlist,https://github.com/gusgard/react-native-swiper-flatlist.git,388,80,downloaded
shootismoke,mobile-app,https://github.com/shootismoke/mobile-app.git,388,117,downloaded
garronej,evt,https://github.com/garronej/evt.git,388,5,downloaded
c19354837,react-native-system-setting,https://github.com/c19354837/react-native-system-setting.git,386,149,downloaded
oh-bear,2life,https://github.com/oh-bear/2life.git,386,79,downloaded
microsoft,appcenter-sdk-react-native,https://github.com/microsoft/appcenter-sdk-react-native.git,386,142,downloaded
mohebifar,react-native-loader,https://github.com/mohebifar/react-native-loader.git,392,68,downloaded
globocom,react-native-draftjs-render,https://github.com/globocom/react-native-draftjs-render.git,386,60,downloaded
vinnyoodles,react-native-socket-io-example,https://github.com/vinnyoodles/react-native-socket-io-example.git,382,142,downloaded
arnnis,react-native-toast-notifications,https://github.com/arnnis/react-native-toast-notifications.git,382,60,downloaded
farshed,SoundSpice-mobile,https://github.com/farshed/SoundSpice-mobile.git,381,81,downloaded
idibidiart,react-native-responsive-grid,https://github.com/idibidiart/react-native-responsive-grid.git,381,42,downloaded
FormidableLabs,appr,https://github.com/FormidableLabs/appr.git,381,37,downloaded
auth0,react-native-auth0,https://github.com/auth0/react-native-auth0.git,379,159,downloaded
thegamenicorus,react-native-phone-input,https://github.com/thegamenicorus/react-native-phone-input.git,379,444,downloaded
lvwangbeta,Poplar,https://github.com/lvwangbeta/Poplar.git,378,121,downloaded
LedgerHQ,ledger-live-mobile,https://github.com/LedgerHQ/ledger-live-mobile.git,378,135,downloaded
ospfranco,react-native-quick-sqlite,https://github.com/ospfranco/react-native-quick-sqlite.git,378,29,downloaded
lhandel,react-native-card-stack-swiper,https://github.com/lhandel/react-native-card-stack-swiper.git,376,120,downloaded
rastapasta,react-native-gl-model-view,https://github.com/rastapasta/react-native-gl-model-view.git,375,59,downloaded
instamobile,react-native-starter-kit,https://github.com/instamobile/react-native-starter-kit.git,375,70,downloaded
SteffeyDev,react-native-popover-view,https://github.com/SteffeyDev/react-native-popover-view.git,374,71,downloaded
jsntjinjin,simplereader,https://github.com/jsntjinjin/simplereader.git,374,139,downloaded
deanhet,react-native-text-ticker,https://github.com/deanhet/react-native-text-ticker.git,373,69,downloaded
jondot,react-native-slowlog,https://github.com/jondot/react-native-slowlog.git,372,16,downloaded
codemotionapps,react-native-dark-mode,https://github.com/codemotionapps/react-native-dark-mode.git,369,37,downloaded
bugsnag,bugsnag-react-native,https://github.com/bugsnag/bugsnag-react-native.git,369,121,downloaded
APSL,react-native-version-number,https://github.com/APSL/react-native-version-number.git,369,133,downloaded
grigio,HAgnostic-News,https://github.com/grigio/HAgnostic-News.git,368,53,downloaded
guilhermemm-dev,links,https://github.com/guilhermemm-dev/links.git,368,52,downloaded
react-native-cookies,cookies,https://github.com/react-native-cookies/cookies.git,367,67,downloaded
frostney,react-native-ibeacon,https://github.com/frostney/react-native-ibeacon.git,367,58,downloaded
matejkriz,react-native-today-widget,https://github.com/matejkriz/react-native-today-widget.git,367,26,downloaded
realm,realm-tasks,https://github.com/realm/realm-tasks.git,366,72,downloaded
n4kz,react-native-pages,https://github.com/n4kz/react-native-pages.git,366,83,downloaded
ladjs,react-native-phone-verification,https://github.com/ladjs/react-native-phone-verification.git,366,67,downloaded
indreklasn,react-native-redux-crypto-tracker,https://github.com/indreklasn/react-native-redux-crypto-tracker.git,365,120,downloaded
tion126,RNLive,https://github.com/tion126/RNLive.git,365,97,downloaded
chatwoot,chatwoot-mobile-app,https://github.com/chatwoot/chatwoot-mobile-app.git,363,140,downloaded
lopezjurip,ReactNativeTS,https://github.com/lopezjurip/ReactNativeTS.git,363,42,downloaded
calebnance,expo-uber,https://github.com/calebnance/expo-uber.git,362,96,downloaded
kiok46,ReactNative-Animation-Challenges,https://github.com/kiok46/ReactNative-Animation-Challenges.git,362,54,downloaded
ulangi,ulangi,https://github.com/ulangi/ulangi.git,361,56,downloaded
tiaanduplessis,awesome-react-native-talks,https://github.com/tiaanduplessis/awesome-react-native-talks.git,358,18,downloaded
rodrigorgtic,gameplay-nlw-together,https://github.com/rodrigorgtic/gameplay-nlw-together.git,357,182,downloaded
VincentCATILLON,react-native-confetti-cannon,https://github.com/VincentCATILLON/react-native-confetti-cannon.git,355,54,downloaded
proshoumma,Mister-Poster,https://github.com/proshoumma/Mister-Poster.git,355,57,downloaded
farshed,duofolio,https://github.com/farshed/duofolio.git,355,48,downloaded
entria,jobs,https://github.com/entria/jobs.git,355,62,downloaded
prscX,react-native-shine-button,https://github.com/prscX/react-native-shine-button.git,354,36,downloaded
zyslife,react-native-head-tab-view,https://github.com/zyslife/react-native-head-tab-view.git,354,63,downloaded
reneweb,react-native-tensorflow,https://github.com/reneweb/react-native-tensorflow.git,354,60,downloaded
mehcode,rn-splash-screen,https://github.com/mehcode/rn-splash-screen.git,353,101,downloaded
react-native-segmented-control,segmented-control,https://github.com/react-native-segmented-control/segmented-control.git,353,59,downloaded
enesozturk,react-native-ios,https://github.com/enesozturk/react-native-ios.git,352,21,downloaded
buttercup,buttercup-mobile,https://github.com/buttercup/buttercup-mobile.git,351,60,downloaded
expo-community,expo-firebase-starter,https://github.com/expo-community/expo-firebase-starter.git,348,96,downloaded
robsonsilv4,mobile-challenges,https://github.com/robsonsilv4/mobile-challenges.git,348,21,downloaded
maggialejandro,react-native-calendario,https://github.com/maggialejandro/react-native-calendario.git,347,37,downloaded
baijunjie,react-native-input-scroll-view,https://github.com/baijunjie/react-native-input-scroll-view.git,346,73,downloaded
mockingbot,react-native-zip-archive,https://github.com/mockingbot/react-native-zip-archive.git,345,149,downloaded
Ajackster,react-native-global-props,https://github.com/Ajackster/react-native-global-props.git,345,35,downloaded
apiko-dev,Perfi,https://github.com/apiko-dev/Perfi.git,344,183,downloaded
TylerLH,react-native-timeago,https://github.com/TylerLH/react-native-timeago.git,344,70,downloaded
NMF-earth,nmf-app,https://github.com/NMF-earth/nmf-app.git,342,119,downloaded
react-native-community,docker-android,https://github.com/react-native-community/docker-android.git,341,104,downloaded
codingki,react-native-expo-template,https://github.com/codingki/react-native-expo-template.git,340,110,downloaded
moschan,react-native-flip-card,https://github.com/moschan/react-native-flip-card.git,340,105,downloaded
testing-library,jest-native,https://github.com/testing-library/jest-native.git,340,37,downloaded
reactpatterns,reactpatterns,https://github.com/reactpatterns/reactpatterns.git,340,24,downloaded
api-platform,create-client,https://github.com/api-platform/create-client.git,339,122,downloaded
craftzdog,react-native-animated-todo,https://github.com/craftzdog/react-native-animated-todo.git,338,74,downloaded
microsoft,react-native-test-app,https://github.com/microsoft/react-native-test-app.git,338,47,downloaded
bailabs,tailpos,https://github.com/bailabs/tailpos.git,338,167,downloaded
showtime-xyz,showtime-frontend,https://github.com/showtime-xyz/showtime-frontend.git,338,41,downloaded
xcarpentier,rn-pdf-reader-js,https://github.com/xcarpentier/rn-pdf-reader-js.git,337,130,downloaded
